PlayerName,team_name,IP,SIERA,ERA,K_pct,BB_pct,GS
Cristopher Sánchez,PHI,72.1,2.5468,1.6175,0.2905,0.0541,11
Cam Schlittler,NYY,66,2.7275,1.5,0.2964,0.0514,11
Jacob Misiorowski,MIL,64,2.0568,1.8281,0.4032,0.0766,11
Davis Martin,CHW,61.2,2.9424,2.0432,0.2739,0.0498,10
Dylan Cease,TOR,62,2.7304,3.0484,0.3566,0.1008,11
Reid Detmers,LAA,63,3.1933,4.5714,0.283,0.0717,11
Max Fried,NYY,61.2,3.9496000000000002,3.2108,0.2083,0.0792,10
Joe Ryan,MIN,56.2,3.2244,3.0176,0.2711,0.0622,11
Kevin Gausman,TOR,64,3.3453,3.2344,0.2364,0.0388,11
Shohei Ohtani,LAD,49,3.0286,0.7347,0.2842,0.0684,8
Jesús Luzardo,PHI,61.2,2.9755,4.3784,0.2769,0.0654,11
Seth Lugo,KCR,65,4.307,3.7385,0.1978,0.0842,11
José Soriano,LAA,66.1,3.4352,2.4422,0.2792,0.1019,11
Parker Messick,CLE,64.1,3.1997,2.2383,0.28,0.076,11
Paul Skenes,PIT,60,2.8444,3,0.2802,0.0388,11
Max Meyer,MIA,60.2,3.4428,2.522,0.272,0.088,11
Bryan Woo,SEA,63.2,3.7283,3.8168,0.2305,0.0547,11
Braxton Ashcraft,PIT,62.1,3.2056,2.8877,0.2642,0.065,10
Tarik Skubal,DET,43.1,2.7683,2.7,0.2711,0.0361,7
Landen Roupp,SFG,60,3.2588,3.3,0.2742,0.0887,11
Chase Burns,CIN,59,3.2306,1.8305,0.2819,0.0793,10
Kyle Harrison,MIL,45.2,2.8233,1.7737,0.3224,0.0765,9
Chris Sale,ATL,62,2.8086,1.8871,0.2988,0.0581,10
Casey Mize,DET,43.2,3.5345,2.4733,0.2515,0.0643,8
Mason Miller,SDP,23.2,1.0976,0.7606,0.5222,0.1,0
Gavin Williams,CLE,69.1,2.9818,3.2452,0.3032,0.0794,11
Shane McClanahan,TBR,50,3.7913,2.52,0.2463,0.0936,10
Trey Yesavage,TOR,32,3.4894,2.25,0.2734,0.0781,6
Bryce Elder,ATL,68.2,3.8529,1.966,0.2198,0.0769,11
Zack Wheeler,PHI,37.2,3.158,1.6726,0.2553,0.0567,6
Louis Varland,TOR,27.2,1.8362,0.6506,0.367,0.0826,0
Ben Brown,CHC,44.2,2.9921,2.0149,0.264,0.0787,4
Ranger Suarez,BOS,48.2,3.711,2.4041,0.2287,0.0745,9
George Kirby,SEA,68.2,3.6163,3.5388,0.1978,0.0576,11
Mitch Keller,PIT,64.1,4.3322,3.6373,0.179,0.0739,11
Michael Soroka,ARI,55,3.4031,3.2727,0.2446,0.0601,10
Will Warren,NYY,58.1,3.2691,3.5486,0.2664,0.0656,11
Cade Smith,CLE,25.2,1.7781,2.4545,0.3627,0.049,0
Nick Martinez,TBR,59.2,4.4828,1.5084,0.1488,0.0496,10
Sandy Alcantara,MIA,69.2,4.3593,4.0048,0.1644,0.0685,11
Ryan Weathers,NYY,57.1,3.1218,3.1395,0.2826,0.0696,10
Justin Wrobleski,LAD,55.2,4.8647,3.0719,0.1366,0.0617,8
Taj Bradley,MIN,52,3.5285,2.7692,0.2719,0.0876,9
Payton Tolle,BOS,36.2,3.2596,2.4545,0.2786,0.0643,6
Carmen Mlodzinski,PIT,55,4.1786,3.7636,0.1933,0.084,9
Drew Rasmussen,TBR,55,3.2394,2.7818,0.2339,0.0459,10
Clay Holmes,NYM,52.2,3.7759,2.3924,0.2093,0.0837,9
Sean Burke,CHW,53,3.9104,4.0755,0.2054,0.0625,8
Cade Cavalli,WSN,53.2,3.5179,3.8571,0.251,0.0782,11
Michael King,SDP,62,3.9273,2.7581,0.254,0.1129,11
Michael Wacha,KCR,70.1,4.0298,2.6872,0.2174,0.0797,11
Yoshinobu Yamamoto,LAD,64,3.34,3.0938,0.2379,0.0524,10
Nolan McLean,NYM,61.1,2.9964,4.4022,0.2964,0.0751,11
Grant Taylor,CHW,26.2,2.2959,2.3625,0.3482,0.0804,4
Shota Imanaga,CHC,64.2,3.4176,4.0361,0.2567,0.0651,11
MacKenzie Gore,TEX,55,3.8825,4.4182,0.2661,0.1116,11
Dylan Lee,ATL,24.1,2.0356,1.1096,0.3295,0.0341,0
Emerson Hancock,SEA,58.2,3.1843,3.0682,0.262,0.0568,10
Tyler Glasnow,LAD,39.2,2.8332,2.7227,0.3311,0.0878,7
Noah Cameron,KCR,47.2,4.108,4.7203,0.2095,0.0762,9
Antonio Senzatela,COL,32,3.4634,1.125,0.2203,0.0678,0
David Peterson,NYM,48.1,3.6678,5.0276,0.2178,0.0889,6
Eduardo Rodriguez,ARI,60.1,4.5765,2.2376,0.1741,0.0931,10
Adrian Morejon,SDP,26.1,1.9807,4.443,0.2936,0.055,0
Nick Pivetta,SDP,16,2.6685,4.5,0.3636,0.0909,4
Jacob Latz,TEX,23.2,3.1762,1.9014,0.2442,0.0581,1
Janson Junk,MIA,60,4.2261,4.8,0.1686,0.051,11
Matthew Boyd,CHC,24,2.7401,6,0.31,0.06,5
Gregory Soto,PIT,25.1,2.7928,2.1316,0.3196,0.1031,0
Peter Lambert,HOU,40.1,4.0557,3.7934,0.2381,0.1071,7
Randy Vásquez,SDP,54.2,4.1134,2.9634,0.2009,0.0714,10
Bailey Ober,MIN,62,4.6299,3.9194,0.1693,0.0669,11
Aaron Ashby,MIL,33,2.7703,2.4545,0.3357,0.1214,1
Logan Henderson,MIL,23,2.818,2.7391,0.3333,0.0667,5
Erik Sabrowski,CLE,21,2.1952,1.7143,0.4699,0.1566,0
Emmet Sheehan,LAD,51.2,3.1906,4.7032,0.2719,0.0645,10
Spencer Arrighetti,HOU,41,4.7296,1.3171,0.2286,0.1429,7
Will Klein,LAD,22.1,2.6994,2.0149,0.2778,0.0667,1
Rico Garcia,BAL,23.1,2.7752,0.7714,0.3253,0.1084,0
Kris Bubic,KCR,50.1,4.2167,4.1126,0.2464,0.1256,9
Aroldis Chapman,BOS,17.2,2.5956,0.5094,0.3382,0.1029,0
Dustin May,STL,54,4.2879,5,0.1826,0.0739,10
Jacob deGrom,TEX,53.2,3.0197,3.8571,0.2977,0.0512,10
Freddy Peralta,NYM,61.1,4.0063,3.5217,0.2395,0.1027,11
Sonny Gray,BOS,44,3.9118,3.2727,0.1868,0.0604,9
Jack Perkins,ATH,25,2.555,5.04,0.2743,0.0442,0
Logan Webb,SFG,48,3.5435,5.0625,0.2019,0.0721,8
Logan Gilbert,SEA,62.1,3.3979,4.0428,0.25,0.0556,11
Joey Cantillo,CLE,56,4.4191,3.0536,0.2189,0.1159,11
Bryan Baker,TBR,22.1,3.0371,2.4179,0.2921,0.1011,0
Raisel Iglesias,ATL,15.2,2.12,0,0.3393,0.0536,0
Walker Buehler,SDP,46.1,4.1299,5.0504,0.203,0.0891,10
Rhett Lowder,CIN,38.1,4.9774,5.4,0.1627,0.1084,8
Chad Patrick,MIL,41,4.7969,2.6341,0.1758,0.103,5
Michael McGreevy,STL,56.1,4.1435,2.3964,0.1705,0.0553,10
Riley O'Brien,STL,24.1,2.0523,2.9589,0.2755,0.0408,0
Bradgley Rodriguez,SDP,25.1,3.2388,1.7763,0.2233,0.068,2
Luis Severino,ATH,61.2,4.1493,4.2324,0.2424,0.1174,11
Kyle Bradish,BAL,58.1,4.1346,3.8571,0.2402,0.1181,11
Walbert Ureña,LAA,38.1,4.5728,2.5826,0.2143,0.131,7
Jhoan Duran,PHI,15.2,1.8062,1.7234,0.3871,0.0806,0
Yusei Kikuchi,LAA,31,4.0569,5.8065,0.2324,0.0986,7
Jack Leiter,TEX,54.2,3.7588,4.6098,0.2521,0.0966,10
Framber Valdez,DET,61,4.2513,4.2787,0.1866,0.0858,11
Sean Newcomb,CHW,29.2,3.2022,3.0337,0.2114,0.065,0
Nathan Eovaldi,TEX,61.2,3.2747,3.6486,0.2383,0.0547,10
Grant Wolfram,BAL,13.2,1.723,4.6098,0.3231,0.0154,0
Keider Montero,DET,49.1,4.9294,3.8311,0.1633,0.0714,9
J.T. Ginn,ATH,53.2,4.1204,3.1863,0.2212,0.106,9
Bryan Hudson,CHW,25.1,3.6235,1.4211,0.2243,0.0935,3
Alex Vesia,LAD,18.2,3.0184,2.4107,0.3378,0.1216,0
Trevor Megill,MIL,17,2.7299,5.2941,0.3014,0.0822,0
José A. Ferrer,SEA,24,3.0583,1.875,0.2115,0.0288,0
Patrick Corbin,TOR,44.1,4.3991,3.8571,0.1684,0.0684,9
Brent Headrick,NYY,26.2,3.247,2.025,0.2566,0.0796,0
Kumar Rocker,TEX,50,4.2602,3.96,0.1944,0.1019,9
Daniel Lynch IV,KCR,22.2,2.6551,1.5882,0.2967,0.0769,0
Mick Abel,MIN,20.1,3.9237,3.9836,0.2473,0.1075,3
Garrett Whitlock,BOS,19.2,2.5492,3.2034,0.3086,0.0741,0
Jake Irvin,WSN,51.2,3.7672,5.2258,0.2544,0.0965,11
Mason Fluharty,TOR,19,3.0515,4.7368,0.3059,0.1059,2
Kevin Ginkel,ARI,20.2,2.6969,3.0484,0.2857,0.0714,0
Bryan King,HOU,23.1,3.9348,2.7,0.1782,0.0891,0
Andrew Abbott,CIN,56.2,5.0854,3.9706,0.1538,0.1053,11
Shane Drohan,MIL,25.1,3.1583,2.8421,0.2547,0.0755,1
Keaton Winn,SFG,23.1,3.4011,1.9286,0.2442,0.093,0
Jeff Hoffman,TOR,23,1.9177,5.087,0.3704,0.0741,0
Tanner Scott,LAD,21.2,2.1119,1.2462,0.3247,0.039,0
Kai-Wei Teng,HOU,37,3.7027,2.1892,0.2483,0.1034,4
Martín Pérez,ATL,46.2,3.8828,2.7,0.2162,0.0811,7
Jakob Junis,TEX,23,4.1782,1.5652,0.1494,0.0575,1
Hunter Brown,HOU,10.2,2.8943,0.8438,0.3953,0.1395,2
Drew Anderson,DET,33.2,3.1432,3.7426,0.2937,0.1119,1
Robert Suarez,ATL,22.1,3.0587,0.806,0.2326,0.0581,0
Gus Varland,WSN,20.1,3.7677,3.9836,0.2111,0.0778,0
Joe Boyle,TBR,15.2,3.829,5.1702,0.2424,0.0909,3
Shane Baz,BAL,57.1,4.5628,4.8663,0.192,0.1,10
Foster Griffin,WSN,62,3.7126,3.629,0.2317,0.0734,11
Juan Morillo,ARI,20.2,2.9145,2.6129,0.2706,0.0824,0
Jack Dreyer,LAD,21.2,2.7818,2.0769,0.2857,0.0714,0
Jack Kochanowicz,LAA,57.1,4.7383,4.5523,0.1627,0.1151,10
Colin Holderman,CLE,18.1,2.5357,1.4727,0.3,0.0714,0
Luis Castillo,SEA,50.1,3.9429,5.9007,0.2304,0.087,10
Brandon Woodruff,MIL,30,4.1849,3.6,0.2066,0.0579,6
Eric Orze,MIN,24,4.3535,3.375,0.2039,0.1262,0
Christian Scott,NYM,25.1,4.0404,3.1974,0.2632,0.1228,6
Taylor Rogers,MIN,19.1,4.3807,3.7241,0.1724,0.069,0
Spencer Miles,TOR,29,2.9854,2.1724,0.25,0.069,1
Jeffrey Springs,ATH,61.1,4.2933,4.1087,0.1969,0.0748,11
Aaron Nola,PHI,50.2,3.8455,6.0395,0.2277,0.0804,10
Trevor Rogers,BAL,42.2,4.5973,6.9609,0.1786,0.0867,9
Orlando Ribalta,WSN,11.2,3.6953,2.3143,0.2128,0.0851,0
Jaden Hill,COL,19.1,3.5659,2.7931,0.2442,0.1047,0
Enyel De Los Santos,HOU,21,3.4882,4.2857,0.2069,0.046,0
Lucas Erceg,KCR,21.1,4.4531,5.0625,0.1935,0.1398,0
Andrew Painter,PHI,50,4.2977,5.4,0.1835,0.0734,9
Anthony Bender,MIA,21.1,3.2712,3.375,0.2644,0.1034,0
Matt Brash,SEA,13.1,3.0232,0,0.234,0.0426,0
Tyler Rogers,TOR,24,3.3804,2.625,0.1515,0.0909,0
Brennan Bernardino,COL,21,3.5238,4.2857,0.1778,0.0556,2
Edward Cabrera,CHC,54,4.1535,4,0.207,0.0881,10
Andrés Muñoz,SEA,19.2,1.9642,4.5763,0.381,0.0833,0
Didier Fuentes,ATL,19.2,2.895,2.7458,0.2963,0.0864,1
Trevor McDonald,SFG,22.2,2.6998,4.7647,0.2234,0.0426,4
Michael Petersen,MIA,19.2,3.2154,3.661,0.2692,0.0897,0
Ian Seymour,TBR,28,3.2569,4.5,0.2627,0.0847,1
Mark Leiter Jr.,ATH,22.2,3.2558,5.9559,0.2376,0.0693,0
Andre Pallante,STL,55,4.2256,3.7636,0.1845,0.0858,10
Tyler Phillips,MIA,33.2,4.1991,1.0693,0.2153,0.125,1
Huascar Brazobán,NYM,26,4.0071,1.7308,0.1863,0.098,3
Sam Bachman,LAA,26,3.3346,2.4231,0.2621,0.1068,0
David Bednar,NYY,23,2.9661,4.6957,0.2642,0.0943,0
Evan Sisk,PIT,22.1,2.7523,1.6119,0.2955,0.0795,0
Chris Bassitt,BAL,47.1,4.6089,5.5141,0.1532,0.0856,8
Andrew Alvarez,WSN,12.2,2.1718,2.8421,0.3265,0.0612,0
Tyler Wells,BAL,25.1,3.3722,3.1974,0.2427,0.0583,0
Coleman Crow,MIL,10.1,4.0954,2.6129,0.175,0.025,2
Juan Mejia,COL,25.1,3.8718,4.6184,0.2544,0.1316,1
Brooks Raley,NYM,20,3.3278,1.35,0.2738,0.1071,0
Tyler Alexander,TEX,23.2,3.6336,1.9014,0.1881,0.0693,1
Steven Matz,TBR,41.1,4.3749,3.7016,0.1988,0.0904,8
Chase Dollander,COL,44,3.4843,3.8864,0.2487,0.0952,3
Zebby Matthews,MIN,19,3.3496,2.3684,0.2329,0.0274,3
Graham Ashcraft,CIN,27,3.5569,3.3333,0.2936,0.1468,0
Zac Gallen,ARI,54.1,4.3266,4.8037,0.1667,0.0708,11
Connor Prielipp,MIN,29,3.976,4.0345,0.2439,0.0976,6
José Suarez,- - -,23.1,3.8607,6.1714,0.2655,0.1416,1
Tommy Nance,TOR,21,2.7856,3.8571,0.2941,0.0941,0
Braydon Fisher,TOR,29.2,3.2883,2.7303,0.2743,0.1062,2
Jimmy Herget,COL,16,3.6219,5.0625,0.2429,0.0571,3
José Alvarado,PHI,17.2,3.1515,6.1132,0.2667,0.0889,0
Ryan Helsley,BAL,10.2,3.258,2.5313,0.3261,0.1522,0
Cole Sulser,TBR,22,4.4647,3.6818,0.1684,0.0947,1
Kevin Kelly,TBR,24.2,2.987,2.9189,0.191,0.0562,0
Bryce Miller,SEA,16,3.2117,2.25,0.2258,0.0323,2
Luke Weaver,NYM,22.1,3.2336,3.2239,0.2527,0.0879,0
Noah Schultz,CHW,38.2,5.0015,5.819,0.1964,0.131,8
Casey Legumina,- - -,21.2,4.1378,3.3231,0.1596,0.0638,0
Garrett Crochet,BOS,30,3.4123,6.3,0.2681,0.0797,6
Tanner Bibee,CLE,63,4.1488,4.5714,0.2068,0.0789,12
Joel Kuhnel,ATH,21,3.7147,2.1429,0.1548,0.0595,0
Slade Cecconi,CLE,57.1,4.2857,5.1802,0.1858,0.0791,11
Yennier Cano,BAL,19.1,2.5958,1.3966,0.2388,0.0448,0
Brandon Young,BAL,36.1,5.0405,3.4679,0.1605,0.0988,7
Isaac Mattson,PIT,19.2,4.9239,4.1186,0.1724,0.1149,0
Travis Adams,MIN,8,3.2645,3.375,0.2647,0.0882,0
Tanner Banks,PHI,19.2,3.7296,6.4068,0.2323,0.101,0
Jonathan Bowlan,PHI,16.1,3.1302,4.9592,0.2353,0.0588,0
Stephen Kolek,KCR,26,4.3583,2.7692,0.1429,0.051,4
Colin Rea,CHC,54,4.059,4.8333,0.188,0.0726,8
Carlos Rodón,NYY,13,4.6238,4.1538,0.2881,0.1864,3
Jonathan Loáisiga,ARI,20.1,3.8665,2.6557,0.15,0.0375,0
Kyle Hurt,LAD,16,2.3807,1.125,0.3115,0.0656,0
Fernando Cruz,NYY,21.2,3.4808,2.0769,0.3191,0.1489,0
Chris Paddack,- - -,40.2,4.282,6.8607,0.1813,0.0725,8
Andrew Morris,MIN,21.2,4.3586,4.5692,0.1735,0.0918,1
Mason Montgomery,PIT,20.2,2.5774,3.4839,0.3256,0.093,3
Zach Agnos,COL,34,4.3213,4.7647,0.1655,0.0759,1
Ryan Zeferjahn,LAA,24.1,3.7118,4.8082,0.2752,0.1376,0
Connelly Early,BOS,54,4.0122,3.3333,0.2212,0.0841,10
Brad Keller,PHI,22.2,2.7768,3.5735,0.2826,0.0761,0
Tanner Gordon,COL,32.1,3.3892,5.8454,0.234,0.0496,1
Will Vest,DET,14.2,3.0604,5.5227,0.254,0.0952,0
Taylor Clarke,ARI,22.2,3.978,1.9853,0.1176,0.0353,0
Yuki Matsui,SDP,12,3.9898,0,0.2826,0.1522,0
Steven Okert,HOU,23.1,3.9266,3.8571,0.2258,0.086,1
Luis Medina,ATH,20,3.8691,2.25,0.2262,0.1071,1
Edgardo Henriquez,LAD,19.1,3.6478,3.2586,0.2338,0.1039,0
Joe Mantiply,TOR,17.2,3.1025,2.0377,0.2254,0.0563,0
Erik Miller,SFG,14.1,3.8724,3.7674,0.3333,0.1905,0
Ryan Fernandez,STL,7.2,1.4557,1.1739,0.4062,0.0625,0
Pete Fairbanks,MIA,13,3.0299,7.6154,0.3448,0.1207,1
Peyton Gray,TEX,15,4.3036,3.6,0.1857,0.1,0
Jake Bird,NYY,17,2.8991,4.7647,0.2568,0.0676,0
Eduard Bazardo,SEA,23.1,3.7891,2.3143,0.2222,0.0909,0
Ty Madden,DET,11.1,2.2759,2.3824,0.2791,0.0465,0
Dylan Dodd,ATL,8,2.1624,1.125,0.3,0.0333,0
Tim Hill,NYY,21.1,2.6294,2.5313,0.1264,0.0575,0
Sean Manaea,NYM,31,3.7349,5.8065,0.2192,0.089,0
Ron Marinaccio,SDP,30,3.6309,3.9,0.2049,0.0738,0
Austin Warren,NYM,17.1,3.4949,1.5577,0.2676,0.1127,0
Calvin Faucher,MIA,20.2,4.681,3.9194,0.234,0.1809,0
Tomoyuki Sugano,COL,53.2,5.0306,3.8571,0.1261,0.0676,10
Kendry Rojas,MIN,14.1,4.7308,1.2558,0.2295,0.1639,1
Paxton Schultz,WSN,18.2,3.1572,5.3036,0.2471,0.0588,0
Anthony Kay,CHW,52.1,4.7487,3.9554,0.1653,0.0975,9
Brad Lord,WSN,35,3.0347,2.8286,0.1986,0.0411,0
Riley Martin,CHC,8.1,2.4287,2.16,0.3226,0.0645,1
Abner Uribe,MIL,18.1,3.3238,4.4182,0.2533,0.0933,0
Tobias Myers,NYM,31.2,3.5707,3.4105,0.208,0.056,2
Orion Kerkering,PHI,19.1,3.7256,2.3276,0.2222,0.0864,0
Alex Hoppe,SEA,11.1,3.5119,6.3529,0.2264,0.0943,0
Eury Pérez,MIA,58.2,4.0677,4.9091,0.252,0.112,11
Devin Williams,NYM,17,3.0855,6.3529,0.3247,0.1299,0
Kyle Hart,SDP,16.2,4.2062,5.4,0.1471,0.0882,0
Jack Flaherty,DET,47,4.4122,5.9362,0.2444,0.1289,11
Luinder Avila,KCR,18.1,3.9204,4.4182,0.2436,0.1282,1
Jacob Webb,CHC,22.2,2.9152,2.7794,0.2727,0.0808,0
Jose Quintana,COL,41,5.7286,5.2683,0.1105,0.0939,9
Lake Bachar,MIA,26.2,3.0146,3.0375,0.283,0.0849,0
Matthew Liberatore,STL,56.2,4.1213,4.7647,0.2137,0.0887,11
Brant Hurter,DET,25.1,4.0283,2.8421,0.1782,0.1188,0
Cal Quantrill,TEX,19.1,4.7277,2.7931,0.1625,0.1,0
Michael Lorenzen,COL,53.2,4.4157,7.2112,0.1571,0.069,11
Daniel Palencia,CHC,9.2,3.4268,1.8621,0.2619,0.0952,0
Grant Holmes,ATL,52.1,4.337,3.7834,0.2152,0.1076,10
Garrett Acton,MIN,6.2,2.8513,2.7,0.3214,0.1071,0
Jake Woodford,MIL,19,3.9857,6.1579,0.1758,0.0769,0
Paul Sewald,ARI,19.1,3.715,3.7241,0.2973,0.0811,0
Ryne Nelson,ARI,60,4.5182,4.65,0.1929,0.0748,11
Jeremiah Estrada,SDP,17,3.4331,3.1765,0.2879,0.1212,0
Enmanuel De Jesus,DET,21.1,4.0919,5.9063,0.2079,0.1089,0
Ryan Yarbrough,NYY,16.2,3.9864,4.32,0.1972,0.0845,0
Dietrich Enns,BAL,16,5.2411,3.9375,0.1857,0.1571,0
Scott Barlow,ATH,25,3.8877,2.88,0.2178,0.099,0
Brandyn Garcia,ARI,8.2,2.2182,1.0385,0.25,0.0625,0
Zack Kelly,BOS,16.1,3.9397,3.3061,0.1972,0.0986,0
Alan Rangel,PHI,3,0.9492,3,0.4167,0,0
Cody Laweryson,MIN,6.1,2.5339,4.2632,0.3077,0.0769,0
Gerrit Cole,NYY,6,7.1073,0,0.0909,0.1364,1
Sam Moll,CIN,23,3.5139,2.7391,0.2371,0.1134,0
Lucas Giolito,SDP,10,7.0282,2.7,0.122,0.1951,2
Blake Snell,LAD,3,3.024,12,0.2778,0.1111,1
Jason Adam,SDP,17.2,4.3136,1.0189,0.1429,0.0714,0
Troy Melton,DET,5.2,5.9699,1.5882,0.1364,0.1364,1
Lance McCullers Jr.,HOU,39.1,4.1975,6.8644,0.25,0.1279,8
Blade Tidwell,SFG,12,3.5407,3,0.2128,0.0638,0
Brock Burke,CIN,24.2,4.3798,3.6486,0.2252,0.1441,0
Tyler Mahle,SFG,51.2,3.891,6.0968,0.2358,0.0917,10
DL Hall,MIL,24.2,4.6642,2.5541,0.2574,0.1881,1
Logan Allen,CLE,4,1.7297,0,0.3684,0.0526,0
Tayler Saucedo,LAA,2,1.6461,4.5,0.375,0,0
Spencer Strider,ATL,21,3.6722,3,0.3293,0.1463,4
Brent Suter,LAA,27,3.8109,4.6667,0.2162,0.1081,2
Anthony Nunez,BAL,24.2,3.0036,5.1081,0.2667,0.0762,0
Wilber Dotel,PIT,10.2,3.256,1.6875,0.2439,0.0732,0
Yohan Ramírez,PIT,30,3.5982,3.6,0.2632,0.1278,0
Pierce Johnson,CIN,21.1,3.7794,3.375,0.2247,0.0899,0
Cole Winn,TEX,19.1,3.23,5.5862,0.2584,0.0787,0
Roki Sasaki,LAD,45.2,4.1412,4.927,0.2129,0.0891,9
Carlos Carrasco,ATL,3.1,3.4482,0,0.1667,0,0
Zach Pop,PHI,7.1,4.0884,3.6818,0.1935,0.0968,1
Cody Ponce,TOR,2.1,3.275,3.8571,0.3,0.1,1
Chase Shugart,PHI,17.2,2.8361,1.5283,0.2647,0.0588,0
Jason Alexander,HOU,12.1,4.5455,7.2973,0.1754,0.1053,1
Paul Gervase,LAD,5,3.524,1.8,0.2381,0.0952,0
Adam Macko,TOR,3.2,2.2696,0,0.25,0,0
Eduardo Rivera,BOS,3.1,1.28,0,0.3,0,0
Brooks Kriske,ATH,2.2,4.5246,0,0.1818,0.0909,0
Grayson Rodriguez,LAA,9.1,4.9247,10.6071,0.1957,0.1304,2
Justin Sterner,ATH,24.2,3.123,4.0135,0.2404,0.0673,0
Brian Fitzpatrick,MIL,5.2,4.5294,1.5882,0.1481,0.1111,0
Gabe Speier,SEA,12.1,3.756,2.9189,0.2143,0.0893,0
Nolan Hoffman,PHI,3.1,4.2652,2.7,0.1333,0.0667,0
Codi Heuer,CLE,2.2,3.1236,3.375,0.2727,0.0909,0
Sam Hentges,SFG,6.1,5.0139,0,0.2963,0.2222,0
Tyler Davis,CHW,14.2,4.2659,2.4545,0.2321,0.1429,0
Brock Stewart,LAD,2,2.2936,0,0.4286,0.1429,0
Brandon Eisert,CHW,7,4.3583,5.1429,0.2,0.1429,0
Paul Blackburn,NYY,22.1,4.4925,3.2239,0.1579,0.1053,1
Burch Smith,DET,17,2.9938,3.1765,0.274,0.0959,1
Tyler Samaniego,BOS,17.1,4.1743,1.0385,0.1806,0.0972,0
Jonathan Pintaro,NYM,3.2,3.198,0,0.25,0.0833,0
Keegan Thompson,COL,2.2,5.8906,0,0.1538,0.1538,0
Tyron Guerrero,BOS,1.2,2.4827,10.8,0.375,0.125,0
Joey Gerber,NYM,2,0.9477,0,0.5556,0.1111,0
Seth Halvorsen,COL,9.1,4.6948,3.8571,0.2222,0.1778,0
Gavin Collyer,TEX,13.1,4.6578,2.7,0.193,0.1404,0
Yovanny Cruz,NYY,2.1,1.7492,0,0.3333,0,0
Brenan Hanifee,DET,9.1,4.0916,1.9286,0.1351,0.027,2
Mason Black,KCR,4.2,3.9301,0,0.2273,0.0909,0
Dax Fulton,MIA,4,3.2981,4.5,0.1875,0.125,0
Austin Voth,TOR,2.2,5.8039,3.375,0.0833,0.0833,0
JT Brubaker,SFG,27.1,4.9559,2.9634,0.1638,0.1293,0
Logan VanWey,HOU,2,1.2368,0,0.4286,0,0
Tejay Antone,CIN,7.2,2.5264,5.8696,0.2188,0.0312,0
Jared Koenig,MIL,2.1,3.5791,0,0.3077,0.1538,0
Aaron Civale,ATH,55.2,4.8538,4.2036,0.1585,0.0691,11
Connor Seabold,DET,15.2,3.7785,3.4468,0.2029,0.0725,0
Ty Blach,CHC,3,1.2997,0,0.2222,0,0
Lazaro Estrada,TOR,4,4.1604,0,0.2143,0.1429,0
Jonah Tong,NYM,3,4.3438,0,0.2222,0.1111,0
Blake Treinen,LAD,16.2,3.4316,3.24,0.2222,0.0833,0
Hunter Bigge,TBR,18.1,5.2956,5.8909,0.1667,0.1538,0
Kyle Backhus,PHI,9.2,2.4775,4.6552,0.2439,0.0244,1
Ryan Gusto,MIA,1,1.6241,0,0.3333,0,0
Domingo Gonzalez,SEA,5.2,4.3153,0,0.2083,0.125,0
Jake Bennett,BOS,10.1,4.523,4.3548,0.0952,0.0952,2
Kervin Castro,NYY,2,1.9128,4.5,0.25,0,0
Tyler Holton,DET,24.1,3.6514,4.4384,0.1887,0.0755,2
Bubba Chandler,PIT,47,5.1104,4.7872,0.2217,0.1604,10
William Kempner,MIA,1,1.6241,0,0.3333,0,0
Yacksel Ríos,CHC,1.2,1.0367,0,0.4,0,0
Chayce McDermott,LAD,1,4.2073,0,0.25,0,0
Tristan Beck,SFG,3,4.2384,0,0.0909,0,0
Alec Gamboa,BOS,1,-0.3328,0,0.6667,0,0
Jake Rogers,DET,1.1,3.0718,0,0.1667,0,0
Daniel Duarte,NYM,2.1,3.4268,0,0.1429,0,0
Ethan Roberts,CHC,12.1,4.1829,0.7297,0.1778,0.1333,0
Jack Anderson,BOS,8,3.7844,3.375,0.1875,0.0625,0
Jayden Murray,HOU,11.1,6.1309,7.1471,0.0943,0.1321,0
Robert Garcia,TEX,8,5.859,3.375,0.1765,0.2059,0
Jonathan Hernández,LAD,2,2.422,0,0.1667,0,0
Jared Shuster,STL,7.2,5.585,2.3478,0.0625,0.0938,0
Vince Velasquez,CHC,2.1,6.0405,0,0.125,0,0
Carl Edwards Jr.,NYM,6,2.4698,1.5,0.44,0.16,0
Alimber Santa,HOU,2,2.422,0,0.1667,0,0
Jordan Romano,LAA,8,3.6994,10.125,0.2857,0.1429,0
Cam Sanders,PIT,5,4.7722,10.8,0.2593,0.1852,0
Cade Horton,CHC,7.1,4.2033,2.4545,0.1538,0.0769,2
Elmer Rodríguez,NYY,13,6.2823,4.1538,0.0938,0.1406,3
Jake Eder,LAD,4,6.2477,2.25,0.0667,0.0667,0
Griffin Canning,SDP,22.2,4.3019,7.5441,0.2424,0.1313,5
Tyler Kinley,ATL,22.2,3.437,3.5735,0.2604,0.0938,0
Zach Eflin,BAL,3.2,2.4076,2.4545,0.4118,0.1176,1
Tim Mayza,PHI,25.1,2.9657,3.9079,0.2451,0.0686,1
P.J. Higgins,CIN,1,4.1972,0,0.3333,0,0
Reese McGuire,CHW,1,12.9985,0,0,0,0
Hunter Stratton,ATL,1,-0.949,0,0.3333,0,0
Javier Sanoja,MIA,1,4.2073,0,0.25,0,0
Jorbit Vivas,WSN,0.2,9.4992,40.5,0,0,0
Garrett Cleavinger,TBR,8.1,3.4303,5.4,0.3095,0.1429,0
Chase Silseth,LAA,17.1,4.7826,2.0769,0.2179,0.1667,0
José Urquidy,PIT,6.1,3.7096,8.5263,0.1667,0.0556,0
Matt Pushard,STL,4.1,4.2361,6.2308,0.2632,0.1579,0
Jose Trevino,CIN,5,5.324,14.4,0.0345,0.0345,0
Christian Koss,SFG,2,5.5015,13.5,0,0,0
Seth Johnson,PHI,3.2,4.7979,7.3636,0.1905,0.1429,0
Welinton Herrera,COL,1,4.4678,0,0,0,0
Philip Abner,ARI,2.1,5.1839,7.7143,0.125,0.125,0
Easton McGee,MIL,2,3.9089,0,0.1667,0.1667,0
Alek Jacob,SDP,2,4.4478,9,0.25,0.1667,0
Tanner Andrews,TOR,1,4.4678,0,0,0,0
Garrett Stubbs,PHI,1,9.4992,0,0,0,0
Carlos Rodriguez,MIL,6,4.3319,1.5,0.2,0.08,0
Jose Espada,BAL,1,4.8985,0,0,0,0
Brycen Mautz,STL,3,5.5094,6,0.1429,0.1429,0
Jorge Mateo,ATL,1,10.2715,0,0,0,0
Hunter Dobbins,STL,4.1,7.0123,6.2308,0.2105,0.2632,1
Josh Ekness,MIA,5.1,5.7741,1.6875,0.2273,0.2273,0
Tyler Tolbert,KCR,0.2,3.4015,0,0,0,0
Ryne Stanek,STL,21,4.332,6,0.2772,0.1782,0
Austin Hedges,CLE,0.1,5.7805,0,0,0,0
Jonathan Cannon,CHW,0,NA,9,0,1,0
Kirby Yates,LAA,6.1,2.7791,4.2632,0.3214,0.1071,0
Hoby Milner,CHC,23.1,4.6566,1.9286,0.1087,0.0652,0
Lou Trivino,BAL,3,5.5325,18,0.1667,0.1667,0
Jovani Morán,BOS,27.2,3.5526,3.253,0.2807,0.1228,3
Andrew Nardi,MIA,21.1,3.5328,5.0625,0.266,0.117,0
Brett Sullivan,COL,2,5.9237,0,0,0.1667,0
Dylan Smith,SFG,0.2,14.1796,0,0,0.3333,0
Nick Mears,KCR,18.2,4.4372,3.8571,0.1818,0.1169,0
Jackson Rutledge,WSN,1.1,4.3415,47.25,0.1667,0.1667,0
Nate Pearson,HOU,2,8.4044,0,0,0.1429,0
Victor Mederos,ATL,2,8.3172,0,0,0.1667,0
Anthony Molina,ATL,2,5.9237,0,0,0.1667,0
Doug Nikhazy,CHW,2,5.9497,4.5,0.1111,0.2222,0
Mason Barnett,ATH,2,6.4543,0,0.1111,0.2222,0
Carlos Cortes,ATH,1,8.521,0,0,0.2,0
Sam Haggerty,TEX,1,2.0618,0,0,0,0
Duncan Davitt,CHW,1,11.4712,0,0,0.3333,0
Alex Lange,KCR,24,4.0735,4.875,0.2277,0.1287,0
Joel Peguero,SFG,9.1,4.539,2.8929,0.0811,0.0811,0
Dylan Moore,PHI,1.2,5.9159,5.4,0,0.125,0
Dean Kremer,BAL,11,2.0624,4.0909,0.3721,0.0465,2
John King,MIA,22.1,3.954,2.0149,0.2024,0.0952,0
Miguel Rojas,LAD,1,7.5305,9,0,0.1667,0
Cody Bolton,HOU,20,4.5136,5.4,0.2316,0.1474,3
Chase Solesky,TBR,3,3.0116,6,0.2353,0.0588,0
Ryan Borucki,SFG,19.2,4.0801,4.1186,0.1647,0.0824,0
Tyler Schweitzer,CHW,4,7.0481,9,0.05,0.15,0
Cole Henry,WSN,7,4.2129,6.4286,0.2353,0.1176,0
Gregory Santos,SFG,5,6.2931,3.6,0.0455,0.1364,0
Charlie Barnes,- - -,5,6.3668,5.4,0.08,0.16,0
Justin Slaten,BOS,8.2,2.4426,4.1538,0.3243,0.0811,0
Ian Hamilton,ATL,1,7.9815,27,0.1429,0.2857,0
Jalen Beeks,TEX,21,3.9675,3,0.1954,0.092,0
Bennett Sousa,HOU,3.1,7.1947,8.1,0.2353,0.2941,0
Chris Murphy,CHW,6,5.0424,10.5,0.1875,0.1562,0
Yerry De los Santos,NYY,5.1,2.7009,1.6875,0.2857,0.1429,0
Shane Smith,CHW,8.1,5.3684,10.8,0.2245,0.1837,3
Josh Walker,BAL,4,3.3378,4.5,0.3125,0.125,0
Nick Davila,SEA,7.1,6.502,0,0.1379,0.2069,0
Cooper Criswell,SEA,22.1,3.0913,3.2239,0.2093,0.0581,0
Ryan Thompson,ARI,17.1,4.0116,3.1154,0.1667,0.0833,0
Sammy Peralta,COL,0.2,8.7062,27,0.1429,0.2857,1
Robert Gasser,MIL,8.1,6.1936,6.48,0.1707,0.1463,2
Lucas Sims,CHW,10,4.607,4.5,0.2174,0.1522,0
Sam Aldegheri,LAA,5.2,7.088,4.7647,0.0769,0.1154,1
Cameron Foster,BAL,9,5.0159,9,0.1837,0.1633,0
Braxton Garrett,MIA,4.1,7.9672,14.5385,0.1786,0.2857,2
Chris Devenski,PIT,2.1,2.3544,7.7143,0.25,0,0
Trevor Martin,TBR,4.1,3.3315,6.2308,0.1905,0.0476,0
Zach Thornton,NYM,4.1,5.0288,8.3077,0.1579,0.1053,1
Grant Anderson,MIL,21.1,3.9277,2.9531,0.2125,0.1,0
Trevor Richards,- - -,12,3.9749,7.5,0.2453,0.0943,0
Julian Fernández,WSN,4,5.5043,2.25,0.1667,0.1111,0
Richard Lovelady,- - -,23,4.5072,2.3478,0.2039,0.1456,3
Cole Sands,MIN,11.2,3.5519,4.6286,0.22,0.08,0
César Salazar,HOU,1,8.1595,9,0,0,0
Luke Little,CHC,1,1.7488,9,0.2,0,0
Camilo Doval,NYY,20,3.1089,5.4,0.2048,0.0482,0
Danny Coulombe,BOS,9,4.6858,5,0.15,0.1,0
Kyle Leahy,STL,50.2,4.4312,4.4408,0.1834,0.0961,10
Bailey Falter,KCR,7.1,5.5259,9.8182,0.1463,0.1463,1
Chase Petty,CIN,10.2,6.4596,5.9063,0.0444,0.0667,2
Tim Herrin,CLE,17,5.3039,2.1176,0.1625,0.15,0
Kolby Allard,CLE,8.2,3.5917,10.3846,0.2,0.0667,0
Ben Williamson,TBR,1,8.1595,9,0,0,0
Shawn Armstrong,CLE,12.1,3.6756,3.6486,0.3019,0.1509,0
Taylor Rashi,ARI,3.2,2.7397,9.8182,0.2667,0.0667,0
Blas Castaño,COL,8,4.1687,3.375,0.2,0.1143,0
Anthony Banda,MIN,22.2,3.8635,5.9559,0.19,0.08,0
Edwin Díaz,LAD,6,3.668,10.5,0.303,0.1515,0
Elvis Alvarado,ATH,9.2,4.9958,8.3793,0.2045,0.1591,0
Mike Burrows,HOU,56.1,4.3191,5.7515,0.1935,0.0806,10
Tyler Heineman,TOR,3,6.8882,15,0,0.0588,0
Kyle Freeland,COL,38.1,4.2148,7.0435,0.1944,0.0778,8
Ryan Feltner,COL,20,4.3925,6.3,0.1932,0.0909,5
Ryan Watson,BOS,30.2,4.059,5.2826,0.1957,0.0942,0
Rolddy Muñoz,ATL,2,2.8196,13.5,0.25,0.0833,0
Keegan Akin,BAL,10.2,3.9481,12.6563,0.2037,0.0741,2
Hunter Gaddis,CLE,13.1,4.0988,4.725,0.1967,0.0984,0
Mason Englert,TBR,16,4.1381,5.625,0.1781,0.0548,1
Tyler Uberstine,BOS,2.2,4.8141,3.375,0.1818,0.0909,0
José Fermin,LAA,11.1,4.5803,3.1765,0.2115,0.1538,0
Justin Verlander,DET,3.2,7.0214,12.2727,0.0526,0.1053,1
Franco Aleman,CLE,2.2,5.5793,3.375,0.1,0.1,0
Mitch Spence,KCR,4,7.0145,13.5,0.1429,0.2381,0
Hogan Harris,ATH,24.1,4.8039,2.9589,0.2308,0.1795,0
Eric Cerantola,KCR,3,5.562,9,0.3571,0.2857,0
Javier Assad,CHC,26,4.7435,5.8846,0.1296,0.0648,3
Carter Baumler,TEX,5.2,5.8307,3.1765,0.2222,0.2222,0
John Klein,MIN,2.1,5.5886,7.7143,0.1111,0.1111,0
Matt Waldron,SDP,23.1,3.8424,8.4857,0.2,0.0636,3
Robby Snelling,MIA,5,7.0977,5.4,0.0909,0.1818,1
Adam Frazier,LAA,2,7.5317,18,0,0.1429,0
Adrian Houser,SFG,52.2,4.8791,5.2975,0.1319,0.0809,10
Chris Martin,TEX,8.1,3.5451,7.56,0.1795,0.0256,0
Andrew Kittredge,BAL,8.2,3.9976,9.3462,0.1778,0.0889,0
Joey Wiemer,WSN,2,8.2774,22.5,0,0.125,0
Wandy Peralta,SDP,24.1,3.9512,2.2192,0.1881,0.099,0
Cade Povich,BAL,19.1,4.8769,5.1207,0.1463,0.0854,3
Merrill Kelly,ARI,48,5.1735,5.25,0.1498,0.0966,8
J.P. France,HOU,6.2,5.8646,8.1,0.129,0.1613,0
Albert Suárez,BAL,19.2,5.7636,2.7458,0.1235,0.1111,0
Brandon Williamson,CIN,28,6.0545,6.1071,0.1484,0.1562,6
Angel Chivilli,NYY,2.1,5.8131,3.8571,0.2308,0.2308,0
Luis Mey,CIN,8.1,3.4443,5.4,0.35,0.175,0
JoJo Romero,STL,24.2,3.7774,2.9189,0.2178,0.099,0
James McCann,ARI,4,6.7353,11.25,0,0.1304,0
Mitch Farris,LAA,18,3.5421,3.5,0.1974,0.0658,0
Gavin Hollowell,CHC,1.2,11.8951,10.8,0.0909,0.3636,0
Justin Lawrence,PIT,20.1,3.7103,5.3115,0.2292,0.1042,0
Craig Kimbrel,NYM,15,3.7215,6,0.2344,0.0938,0
Cade Gibson,MIA,4.2,3.6191,11.5714,0.2308,0.1154,0
Caleb Kilian,SFG,22.1,3.6413,2.4179,0.2747,0.1319,0
Ben Casparius,LAD,4.2,5.668,9.6429,0.1739,0.1739,0
Cole Wilcox,SEA,13.1,4.7926,5.4,0.2143,0.1714,0
Alek Manoah,LAA,7.1,6.7966,9.8182,0.1282,0.2051,0
Caleb Thielbar,CHC,10.2,3.9304,3.375,0.2553,0.1277,0
Tyler Ferguson,ATH,1.1,5.2957,27,0.125,0,0
Wyatt Mills,LAD,3.1,10.6522,8.1,0.0476,0.3333,0
Johan Oviedo,BOS,3.2,3.9693,9.8182,0.1667,0.0556,0
Brady Basso,ATH,2.2,6.0147,6.75,0.0714,0.0714,0
Weston Wilson,BAL,2.1,6.9534,15.4286,0,0,0
Riley Cornelio,WSN,2,10.5252,9,0.0833,0.3333,0
Victor Vodnik,COL,18,4.8619,8,0.1778,0.1444,0
Nick Raquet,BAL,2.2,7.1962,10.125,0.0714,0.1429,0
Dennis Santana,PIT,21.1,4.864,5.4844,0.1579,0.1053,0
Peyton Pallette,CLE,20.2,4.6945,5.2258,0.2268,0.1649,0
Michael Kelly,ATH,4.1,5.5358,6.2308,0.1818,0.1818,0
Ryan Rolison,CHC,15,3.4089,3.6,0.25,0.1,0
Greg Weissert,BOS,20.1,3.4476,3.9836,0.2222,0.0778,0
Trey Gibson,BAL,6.2,5.0233,5.4,0.129,0.0968,1
Matt Strahm,KCR,16.1,3.7766,3.8571,0.2394,0.0986,0
George Soriano,STL,21.2,4.3311,3.3231,0.1889,0.1111,0
Jordan Hicks,CHW,17.2,5.7512,5.6038,0.1724,0.1954,0
Joel Payamps,ATL,7.2,3.9884,8.2174,0.25,0.1111,0
Shaun Anderson,LAA,16.2,4.5187,5.94,0.1644,0.1096,0
Brandan Bidois,PIT,5.1,6.231,3.375,0.1905,0.1429,0
Christian Roa,HOU,8.2,5.8997,5.1923,0.1395,0.1628,0
Griffin Jax,TBR,28,4.557,3.5357,0.2051,0.1282,5
Joe Ross,ARI,3.2,6.6546,19.6364,0.0909,0.1818,0
Josh Fleming,TOR,3,5.3965,12,0.0556,0.1111,0
Brendan Beck,NYY,3,8.1584,6,0.0769,0.2308,0
Matt Festa,CLE,24.1,3.5052,4.4384,0.2381,0.0667,0
Mitchell Parker,WSN,24,3.7055,5.25,0.2,0.07,0
Josh Simpson,SEA,2.1,3.8507,7.7143,0.3,0.1,0
Jedixson Paez,CHW,3,8.9594,18,0,0.1875,0
Tyler Gilbert,CHW,2.2,6.844,20.25,0.1333,0.2,0
Zak Kent,- - -,9.1,4.8332,5.7857,0.1591,0.1136,0
Luis Curvelo,TEX,5,5.4678,5.4,0.1364,0.0909,0
Hunter Harvey,CHC,4,3.2923,6.75,0.2222,0.0556,0
Zach Maxwell,CIN,1,8.4848,36,0.125,0.25,0
Tatsuya Imai,HOU,23.1,5.1525,6.1714,0.2233,0.1748,6
Gordon Graceffo,STL,27.1,5.2461,1.6463,0.1165,0.1068,0
Kyle Nicolas,CIN,7.1,8.4429,8.5909,0.1667,0.3095,0
Reynaldo López,ATL,32.1,4.4787,3.6186,0.2071,0.1143,5
Yoendrys Gómez,- - -,25,4.7517,4.68,0.1964,0.1161,0
José Buttó,SFG,2,5.3392,22.5,0.3125,0.25,0
Trent Thornton,CHC,9.2,4.1207,2.7931,0.1316,0.0789,0
David Morgan,SDP,13.1,4.5497,6.075,0.2206,0.1618,0
JR Ritchie,ATL,25.2,5.0549,4.5584,0.1842,0.1404,5
Eli Morgan,KCR,12.1,4.7229,5.1081,0.1579,0.1053,0
Angel Zerpa,MIL,12.2,4.3104,6.3947,0.1455,0.1091,0
George Klassen,LAA,4.2,8.3505,11.5714,0.1875,0.3125,2
Ricky Vanasco,DET,4.1,5.844,14.5385,0.1034,0.1379,0
Ryan Walker,SFG,15.1,4.604,6.4565,0.1918,0.137,0
Emilio Pagán,CIN,14,4.8906,6.4286,0.1774,0.0968,0
Luis García,- - -,15,5.4677,9,0.0811,0.0811,0
Andrew Hoffmann,ARI,11.2,4.5941,7.7143,0.2034,0.1356,0
Yariel Rodríguez,TOR,4.1,5.6068,10.3846,0.1905,0.1905,0
Chris Roycroft,STL,3.2,5.7788,12.2727,0.12,0.2,0
Nick Lodolo,CIN,21,4.3961,5.5714,0.1957,0.0978,4
Brandon Pfaadt,ARI,35.1,4.344,5.6038,0.1753,0.0974,3
Kodai Senga,NYM,20,4.5525,9,0.2371,0.134,5
Phil Maton,CHC,16,3.7318,7.875,0.2468,0.1169,0
Kody Funderburk,MIN,16,5.9747,2.8125,0.1429,0.1857,0
Ryan Johnson,LAA,8.1,6.2812,15.12,0.1064,0.1489,1
Jose Franco,CIN,16.2,5.7788,5.4,0.1646,0.1772,0
Jesse Scholtens,TBR,37.2,4.0535,3.823,0.1829,0.0671,2
Corbin Martin,CHC,5,6.2816,10.8,0.16,0.2,0
Chase Lee,TOR,3.1,8.8181,8.1,0.0667,0.2667,0
Kenley Jansen,DET,14.1,3.5162,5.0233,0.322,0.1356,0
Osvaldo Bido,- - -,18.2,5.4029,6.2679,0.1358,0.1235,0
Brandon Sproat,MIL,44.2,4.3636,5.8433,0.2449,0.1378,8
Andre Granillo,WSN,9.1,7.1473,9.6429,0.06,0.16,0
Carlos Estévez,KCR,0.1,11.0015,162.0002,0,0.2857,0
Matt Svanson,STL,25.2,4.1925,8.7662,0.2063,0.119,0
Matt Gage,SFG,21.2,4.4717,2.0769,0.1932,0.125,0
Nick Sandlin,LAA,8.2,5.0588,11.4231,0.15,0.125,0
Joey Lucchesi,LAA,3.1,6.6385,13.5,0.1667,0.25,0
Cristian Javier,HOU,9.1,7.5148,12.5357,0.0833,0.1875,3
Brayan Bello,BOS,49,4.5066,6.4286,0.1509,0.0905,7
Seranthony Domínguez,CHW,20.2,3.3687,4.3548,0.2857,0.1209,0
Roddery Muñoz,HOU,4,5.9489,15.75,0.24,0.24,0
Cole Ragans,KCR,35.1,4.1157,4.8396,0.298,0.1523,8
Justin Bruihl,STL,22.2,5.1017,5.5588,0.1333,0.1238,0
Clayton Beeter,WSN,12.1,4.402,2.9189,0.2453,0.1698,0
Kyle Finnegan,DET,24.2,5.992,1.8243,0.1429,0.181,0
Yaramil Hiraldo,BAL,1.2,9.737,21.6,0.1667,0.3333,0
Connor Brogdon,CLE,15.1,3.529,5.2826,0.209,0.0448,0
John Schreiber,KCR,20.1,4.9423,3.0984,0.1364,0.1136,0
Cionel Pérez,WSN,16,5.2206,6.1875,0.1233,0.1507,0
Aaron Brooks,TBR,0.1,17.665,81.0001,0,0.5,0
Connor Phillips,CIN,27.2,5.8305,5.5301,0.2105,0.2105,0
Jacob Lopez,ATH,48.2,5.6983,5.7329,0.1522,0.1348,9
Drew Pomeranz,LAA,15,5.014,7.2,0.1667,0.1111,0
Jordan Leasure,CHW,17.2,4.1195,6.1132,0.2432,0.1081,1
AJ Blubaugh,HOU,31.2,5.4407,4.8316,0.1727,0.1511,0
Germán Márquez,SDP,29.2,5.2138,5.764,0.1484,0.0938,6
Ken Waldichuk,WSN,9.1,4.8646,6.75,0.1951,0.1463,0
Brady Singer,CIN,46,4.4301,6.2609,0.1574,0.0556,10
Steven Cruz,KCR,10.1,4.0002,8.7097,0.2745,0.1569,0
Robbie Ray,SFG,58.2,4.6546,4.6023,0.212,0.116,11
Colton Gordon,HOU,9.1,3.5114,11.5714,0.22,0.06,1
Simeon Woods Richardson,MIN,45,5.8261,7.2,0.1043,0.1043,9
Brendon Little,TOR,3.2,3.6904,24.5455,0.25,0.125,0
PJ Poulin,WSN,23.2,5.3682,3.4225,0.1553,0.1456,6
Justin Topa,MIN,19,4.9074,8.0526,0.1304,0.1196,0
Luis Gil,NYY,19.1,6.0595,6.0517,0.1059,0.1294,4
Erick Fedde,CHW,49.1,5.0568,5.473,0.1429,0.0922,7
Max Scherzer,TOR,18.2,5.9217,9.6429,0.119,0.0952,5
Hunter Barco,PIT,11.2,5.5754,7.7143,0.1333,0.15,0
Valente Bellozo,COL,10.2,5.4672,7.5938,0.1667,0.1458,0
Luis Morales,ATH,9.1,7.3401,14.4643,0.1273,0.2182,2
Miles Mikolas,WSN,46.2,4.3072,6.1714,0.1527,0.069,6
Taijuan Walker,PHI,22.2,4.9824,9.1324,0.1478,0.0957,4
Ryan Weiss,HOU,26,4.6102,7.6154,0.229,0.1527,2
Eric Lauer,TOR,36.1,5.2762,6.6881,0.1605,0.0988,6
Bryan Abreu,HOU,17,5.6627,6.8824,0.2442,0.2326,0
Jameson Taillon,CHC,55.1,4.2895,5.2048,0.2017,0.0773,10
Aaron Bummer,ATL,15.1,4.8571,7.6304,0.1688,0.1299,0
Zack Littell,WSN,53.1,5.1673,5.2313,0.1277,0.0723,7
Tony Santillan,CIN,20,4.1818,5.85,0.2386,0.125,0
